[
    {
        "Groups": [],
        "Instances": [
            {
                "AmiLaunchIndex": 0,
                "ImageId": "ami-052efd3df9dad4825",
                "InstanceId": "i-0cecc24fcb9ed7ba7",
                "InstanceType": "t2.micro",
                "KeyName": "linux",
                "LaunchTime": "2022-09-13 09:34:09+00:00",
                "Monitoring": {
                    "State": "disabled"
                },
                "Placement": {
                    "AvailabilityZone": "us-east-1a",
                    "GroupName": "",
                    "Tenancy": "default"
                },
                "PrivateDnsName": "ip-172-31-88-84.ec2.internal",
                "PrivateIpAddress": "172.31.88.84",
                "ProductCodes": [],
                "PublicDnsName": "",
                "State": {
                    "Code": 80,
                    "Name": "stopped"
                },
                "StateTransitionReason": "User initiated (2022-10-11 18:20:02 GMT)",
                "SubnetId": "subnet-0525d1594f9e4cb27",
                "VpcId": "vpc-004f0ad746b347e77",
                "Architecture": "x86_64",
                "BlockDeviceMappings": [
                    {
                        "DeviceName": "/dev/sda1",
                        "Ebs": {
                            "AttachTime": "2022-08-21 11:13:03+00:00",
                            "DeleteOnTermination": true,
                            "Status": "attached",
                            "VolumeId": "vol-02c60390a151a9c55"
                        }
                    }
                ],
                "ClientToken": "",
                "EbsOptimized": false,
                "EnaSupport": true,
                "Hypervisor": "xen",
                "NetworkInterfaces": [
                    {
                        "Attachment": {
                            "AttachTime": "2022-08-21 11:13:02+00:00",
                            "AttachmentId": "eni-attach-06f0e1979dcb46f66",
                            "DeleteOnTermination": true,
                            "DeviceIndex": 0,
                            "Status": "attached",
                            "NetworkCardIndex": 0
                        },
                        "Description": "",
                        "Groups": [
                            {
                                "GroupName": "launch-wizard-1",
                                "GroupId": "sg-012edf9bb49ccab1c"
                            }
                        ],
                        "Ipv6Addresses": [],
                        "MacAddress": "12:d7:7a:6e:62:37",
                        "NetworkInterfaceId": "eni-072364d846a73e909",
                        "OwnerId": "288186964168",
                        "PrivateDnsName": "ip-172-31-88-84.ec2.internal",
                        "PrivateIpAddress": "172.31.88.84",
                        "PrivateIpAddresses": [
                            {
                                "Primary": true,
                                "PrivateDnsName": "ip-172-31-88-84.ec2.internal",
                                "PrivateIpAddress": "172.31.88.84"
                            }
                        ],
                        "SourceDestCheck": true,
                        "Status": "in-use",
                        "SubnetId": "subnet-0525d1594f9e4cb27",
                        "VpcId": "vpc-004f0ad746b347e77",
                        "InterfaceType": "interface"
                    }
                ],
                "RootDeviceName": "/dev/sda1",
                "RootDeviceType": "ebs",
                "SecurityGroups": [
                    {
                        "GroupName": "launch-wizard-1",
                        "GroupId": "sg-012edf9bb49ccab1c"
                    }
                ],
                "SourceDestCheck": true,
                "StateReason": {
                    "Code": "Client.UserInitiatedShutdown",
                    "Message": "Client.UserInitiatedShutdown: User initiated shutdown"
                },
                "Tags": [
                    {
                        "Key": "Name",
                        "Value": "dev-server"
                    }
                ],
                "VirtualizationType": "hvm",
                "CpuOptions": {
                    "CoreCount": 1,
                    "ThreadsPerCore": 1
                },
                "CapacityReservationSpecification": {
                    "CapacityReservationPreference": "open"
                },
                "HibernationOptions": {
                    "Configured": false
                },
                "MetadataOptions": {
                    "State": "applied",
                    "HttpTokens": "optional",
                    "HttpPutResponseHopLimit": 1,
                    "HttpEndpoint": "enabled",
                    "HttpProtocolIpv6": "disabled",
                    "InstanceMetadataTags": "disabled"
                },
                "EnclaveOptions": {
                    "Enabled": false
                },
                "PlatformDetails": "Linux/UNIX",
                "UsageOperation": "RunInstances",
                "UsageOperationUpdateTime": "2022-08-21 11:13:02+00:00",
                "PrivateDnsNameOptions": {
                    "HostnameType": "ip-name",
                    "EnableResourceNameDnsARecord": false,
                    "EnableResourceNameDnsAAAARecord": false
                },
                "MaintenanceOptions": {
                    "AutoRecovery": "default"
                }
            }
        ],
        "OwnerId": "288186964168",
        "ReservationId": "r-0fb58161e335a0ff7",
        "RegionName": "us-east-1"
    },
    {
        "Groups": [],
        "Instances": [
            {
                "AmiLaunchIndex": 0,
                "ImageId": "ami-05fa00d4c63e32376",
                "InstanceId": "i-01b790f62b687be6d",
                "InstanceType": "t2.micro",
                "LaunchTime": "2022-09-13 10:01:07+00:00",
                "Monitoring": {
                    "State": "disabled"
                },
                "Placement": {
                    "AvailabilityZone": "us-east-1b",
                    "GroupName": "",
                    "Tenancy": "default"
                },
                "PrivateDnsName": "ip-172-31-20-173.ec2.internal",
                "PrivateIpAddress": "172.31.20.173",
                "ProductCodes": [],
                "PublicDnsName": "",
                "State": {
                    "Code": 80,
                    "Name": "stopped"
                },
                "StateTransitionReason": "User initiated (2022-09-13 14:00:11 GMT)",
                "SubnetId": "subnet-0aff06630683bfc2b",
                "VpcId": "vpc-004f0ad746b347e77",
                "Architecture": "x86_64",
                "BlockDeviceMappings": [
                    {
                        "DeviceName": "/dev/xvda",
                        "Ebs": {
                            "AttachTime": "2022-09-13 07:25:46+00:00",
                            "DeleteOnTermination": true,
                            "Status": "attached",
                            "VolumeId": "vol-0accda424d2a719e4"
                        }
                    }
                ],
                "ClientToken": "",
                "EbsOptimized": false,
                "EnaSupport": true,
                "Hypervisor": "xen",
                "NetworkInterfaces": [
                    {
                        "Attachment": {
                            "AttachTime": "2022-09-13 07:25:45+00:00",
                            "AttachmentId": "eni-attach-0c9d24ccbf78c5c08",
                            "DeleteOnTermination": true,
                            "DeviceIndex": 0,
                            "Status": "attached",
                            "NetworkCardIndex": 0
                        },
                        "Description": "",
                        "Groups": [
                            {
                                "GroupName": "launch-wizard-2",
                                "GroupId": "sg-0c92968d332c4fb89"
                            }
                        ],
                        "Ipv6Addresses": [],
                        "MacAddress": "0a:d0:6e:51:55:35",
                        "NetworkInterfaceId": "eni-0e086bf87ed6db5ff",
                        "OwnerId": "288186964168",
                        "PrivateDnsName": "ip-172-31-20-173.ec2.internal",
                        "PrivateIpAddress": "172.31.20.173",
                        "PrivateIpAddresses": [
                            {
                                "Primary": true,
                                "PrivateDnsName": "ip-172-31-20-173.ec2.internal",
                                "PrivateIpAddress": "172.31.20.173"
                            }
                        ],
                        "SourceDestCheck": true,
                        "Status": "in-use",
                        "SubnetId": "subnet-0aff06630683bfc2b",
                        "VpcId": "vpc-004f0ad746b347e77",
                        "InterfaceType": "interface"
                    }
                ],
                "RootDeviceName": "/dev/xvda",
                "RootDeviceType": "ebs",
                "SecurityGroups": [
                    {
                        "GroupName": "launch-wizard-2",
                        "GroupId": "sg-0c92968d332c4fb89"
                    }
                ],
                "SourceDestCheck": true,
                "StateReason": {
                    "Code": "Client.UserInitiatedShutdown",
                    "Message": "Client.UserInitiatedShutdown: User initiated shutdown"
                },
                "Tags": [
                    {
                        "Key": "Name",
                        "Value": "test2"
                    }
                ],
                "VirtualizationType": "hvm",
                "CpuOptions": {
                    "CoreCount": 1,
                    "ThreadsPerCore": 1
                },
                "CapacityReservationSpecification": {
                    "CapacityReservationPreference": "open"
                },
                "HibernationOptions": {
                    "Configured": false
                },
                "MetadataOptions": {
                    "State": "applied",
                    "HttpTokens": "optional",
                    "HttpPutResponseHopLimit": 1,
                    "HttpEndpoint": "enabled",
                    "HttpProtocolIpv6": "disabled",
                    "InstanceMetadataTags": "disabled"
                },
                "EnclaveOptions": {
                    "Enabled": false
                },
                "PlatformDetails": "Linux/UNIX",
                "UsageOperation": "RunInstances",
                "UsageOperationUpdateTime": "2022-09-13 07:25:45+00:00",
                "PrivateDnsNameOptions": {
                    "HostnameType": "ip-name",
                    "EnableResourceNameDnsARecord": true,
                    "EnableResourceNameDnsAAAARecord": false
                },
                "MaintenanceOptions": {
                    "AutoRecovery": "default"
                }
            }
        ],
        "OwnerId": "288186964168",
        "ReservationId": "r-0501db2eeecf7db3d",
        "RegionName": "us-east-1"
    },
    {
        "Groups": [],
        "Instances": [
            {
                "AmiLaunchIndex": 0,
                "ImageId": "ami-05fa00d4c63e32376",
                "InstanceId": "i-0dc26b9001eca6f5a",
                "InstanceType": "t2.medium",
                "LaunchTime": "2022-11-08 17:57:35+00:00",
                "Monitoring": {
                    "State": "enabled"
                },
                "Placement": {
                    "AvailabilityZone": "us-east-1b",
                    "GroupName": "",
                    "Tenancy": "default"
                },
                "PrivateDnsName": "ip-172-31-27-50.ec2.internal",
                "PrivateIpAddress": "172.31.27.50",
                "ProductCodes": [],
                "PublicDnsName": "ec2-35-171-144-88.compute-1.amazonaws.com",
                "PublicIpAddress": "35.171.144.88",
                "State": {
                    "Code": 16,
                    "Name": "running"
                },
                "StateTransitionReason": "",
                "SubnetId": "subnet-0aff06630683bfc2b",
                "VpcId": "vpc-004f0ad746b347e77",
                "Architecture": "x86_64",
                "BlockDeviceMappings": [
                    {
                        "DeviceName": "/dev/xvda",
                        "Ebs": {
                            "AttachTime": "2022-09-14 12:31:01+00:00",
                            "DeleteOnTermination": true,
                            "Status": "attached",
                            "VolumeId": "vol-05a9031f84282dadb"
                        }
                    }
                ],
                "ClientToken": "",
                "EbsOptimized": false,
                "EnaSupport": true,
                "Hypervisor": "xen",
                "NetworkInterfaces": [
                    {
                        "Association": {
                            "IpOwnerId": "288186964168",
                            "PublicDnsName": "ec2-35-171-144-88.compute-1.amazonaws.com",
                            "PublicIp": "35.171.144.88"
                        },
                        "Attachment": {
                            "AttachTime": "2022-09-14 12:31:00+00:00",
                            "AttachmentId": "eni-attach-008c3ef059c60a9fa",
                            "DeleteOnTermination": true,
                            "DeviceIndex": 0,
                            "Status": "attached",
                            "NetworkCardIndex": 0
                        },
                        "Description": "",
                        "Groups": [
                            {
                                "GroupName": "launch-wizard-5",
                                "GroupId": "sg-09da2132a92dc64d9"
                            }
                        ],
                        "Ipv6Addresses": [],
                        "MacAddress": "0a:b9:8c:53:69:81",
                        "NetworkInterfaceId": "eni-0ffab4cc6cabecce8",
                        "OwnerId": "288186964168",
                        "PrivateDnsName": "ip-172-31-27-50.ec2.internal",
                        "PrivateIpAddress": "172.31.27.50",
                        "PrivateIpAddresses": [
                            {
                                "Association": {
                                    "IpOwnerId": "288186964168",
                                    "PublicDnsName": "ec2-35-171-144-88.compute-1.amazonaws.com",
                                    "PublicIp": "35.171.144.88"
                                },
                                "Primary": true,
                                "PrivateDnsName": "ip-172-31-27-50.ec2.internal",
                                "PrivateIpAddress": "172.31.27.50"
                            }
                        ],
                        "SourceDestCheck": true,
                        "Status": "in-use",
                        "SubnetId": "subnet-0aff06630683bfc2b",
                        "VpcId": "vpc-004f0ad746b347e77",
                        "InterfaceType": "interface"
                    }
                ],
                "RootDeviceName": "/dev/xvda",
                "RootDeviceType": "ebs",
                "SecurityGroups": [
                    {
                        "GroupName": "launch-wizard-5",
                        "GroupId": "sg-09da2132a92dc64d9"
                    }
                ],
                "SourceDestCheck": true,
                "Tags": [
                    {
                        "Key": "Name",
                        "Value": "elastic"
                    }
                ],
                "VirtualizationType": "hvm",
                "CpuOptions": {
                    "CoreCount": 2,
                    "ThreadsPerCore": 1
                },
                "CapacityReservationSpecification": {
                    "CapacityReservationPreference": "open"
                },
                "HibernationOptions": {
                    "Configured": false
                },
                "MetadataOptions": {
                    "State": "applied",
                    "HttpTokens": "optional",
                    "HttpPutResponseHopLimit": 1,
                    "HttpEndpoint": "enabled",
                    "HttpProtocolIpv6": "disabled",
                    "InstanceMetadataTags": "disabled"
                },
                "EnclaveOptions": {
                    "Enabled": false
                },
                "PlatformDetails": "Linux/UNIX",
                "UsageOperation": "RunInstances",
                "UsageOperationUpdateTime": "2022-09-14 12:31:00+00:00",
                "PrivateDnsNameOptions": {
                    "HostnameType": "ip-name",
                    "EnableResourceNameDnsARecord": true,
                    "EnableResourceNameDnsAAAARecord": false
                },
                "MaintenanceOptions": {
                    "AutoRecovery": "default"
                }
            }
        ],
        "OwnerId": "288186964168",
        "ReservationId": "r-0de3ca9dd30cd1381",
        "RegionName": "us-east-1"
    },
    {
        "Groups": [],
        "Instances": [
            {
                "AmiLaunchIndex": 0,
                "ImageId": "ami-08d4ac5b634553e16",
                "InstanceId": "i-0de44999790a0eed1",
                "InstanceType": "t2.large",
                "KeyName": "orion",
                "LaunchTime": "2022-11-09 07:38:02+00:00",
                "Monitoring": {
                    "State": "enabled"
                },
                "Placement": {
                    "AvailabilityZone": "us-east-1a",
                    "GroupName": "",
                    "Tenancy": "default"
                },
                "PrivateDnsName": "ip-172-31-94-8.ec2.internal",
                "PrivateIpAddress": "172.31.94.8",
                "ProductCodes": [],
                "PublicDnsName": "ec2-52-72-10-6.compute-1.amazonaws.com",
                "PublicIpAddress": "52.72.10.6",
                "State": {
                    "Code": 16,
                    "Name": "running"
                },
                "StateTransitionReason": "",
                "SubnetId": "subnet-0525d1594f9e4cb27",
                "VpcId": "vpc-004f0ad746b347e77",
                "Architecture": "x86_64",
                "BlockDeviceMappings": [
                    {
                        "DeviceName": "/dev/sda1",
                        "Ebs": {
                            "AttachTime": "2022-09-14 04:20:27+00:00",
                            "DeleteOnTermination": true,
                            "Status": "attached",
                            "VolumeId": "vol-05c9f4c6448c46c28"
                        }
                    }
                ],
                "ClientToken": "",
                "EbsOptimized": false,
                "EnaSupport": true,
                "Hypervisor": "xen",
                "NetworkInterfaces": [
                    {
                        "Association": {
                            "IpOwnerId": "288186964168",
                            "PublicDnsName": "ec2-52-72-10-6.compute-1.amazonaws.com",
                            "PublicIp": "52.72.10.6"
                        },
                        "Attachment": {
                            "AttachTime": "2022-09-14 04:20:26+00:00",
                            "AttachmentId": "eni-attach-0900fabb3652c8f48",
                            "DeleteOnTermination": true,
                            "DeviceIndex": 0,
                            "Status": "attached",
                            "NetworkCardIndex": 0
                        },
                        "Description": "",
                        "Groups": [
                            {
                                "GroupName": "launch-wizard-5",
                                "GroupId": "sg-09da2132a92dc64d9"
                            }
                        ],
                        "Ipv6Addresses": [],
                        "MacAddress": "12:3c:a8:19:bf:dd",
                        "NetworkInterfaceId": "eni-04c7b59e77403b865",
                        "OwnerId": "288186964168",
                        "PrivateDnsName": "ip-172-31-94-8.ec2.internal",
                        "PrivateIpAddress": "172.31.94.8",
                        "PrivateIpAddresses": [
                            {
                                "Association": {
                                    "IpOwnerId": "288186964168",
                                    "PublicDnsName": "ec2-52-72-10-6.compute-1.amazonaws.com",
                                    "PublicIp": "52.72.10.6"
                                },
                                "Primary": true,
                                "PrivateDnsName": "ip-172-31-94-8.ec2.internal",
                                "PrivateIpAddress": "172.31.94.8"
                            }
                        ],
                        "SourceDestCheck": true,
                        "Status": "in-use",
                        "SubnetId": "subnet-0525d1594f9e4cb27",
                        "VpcId": "vpc-004f0ad746b347e77",
                        "InterfaceType": "interface"
                    }
                ],
                "RootDeviceName": "/dev/sda1",
                "RootDeviceType": "ebs",
                "SecurityGroups": [
                    {
                        "GroupName": "launch-wizard-5",
                        "GroupId": "sg-09da2132a92dc64d9"
                    }
                ],
                "SourceDestCheck": true,
                "Tags": [
                    {
                        "Key": "Name",
                        "Value": "orion-dev"
                    }
                ],
                "VirtualizationType": "hvm",
                "CpuOptions": {
                    "CoreCount": 2,
                    "ThreadsPerCore": 1
                },
                "CapacityReservationSpecification": {
                    "CapacityReservationPreference": "open"
                },
                "HibernationOptions": {
                    "Configured": false
                },
                "MetadataOptions": {
                    "State": "applied",
                    "HttpTokens": "optional",
                    "HttpPutResponseHopLimit": 1,
                    "HttpEndpoint": "enabled",
                    "HttpProtocolIpv6": "disabled",
                    "InstanceMetadataTags": "disabled"
                },
                "EnclaveOptions": {
                    "Enabled": false
                },
                "PlatformDetails": "Linux/UNIX",
                "UsageOperation": "RunInstances",
                "UsageOperationUpdateTime": "2022-09-14 04:20:26+00:00",
                "PrivateDnsNameOptions": {
                    "HostnameType": "ip-name",
                    "EnableResourceNameDnsARecord": true,
                    "EnableResourceNameDnsAAAARecord": false
                },
                "MaintenanceOptions": {
                    "AutoRecovery": "default"
                }
            }
        ],
        "OwnerId": "288186964168",
        "ReservationId": "r-05cee8d9465be8c42",
        "RegionName": "us-east-1"
    },
    {
        "Groups": [],
        "Instances": [
            {
                "AmiLaunchIndex": 0,
                "ImageId": "ami-08c40ec9ead489470",
                "InstanceId": "i-07a225cf71ba78939",
                "InstanceType": "t2.medium",
                "KeyName": "kube",
                "LaunchTime": "2022-11-07 12:21:52+00:00",
                "Monitoring": {
                    "State": "disabled"
                },
                "Placement": {
                    "AvailabilityZone": "us-east-1a",
                    "GroupName": "",
                    "Tenancy": "default"
                },
                "PrivateDnsName": "ip-172-31-90-122.ec2.internal",
                "PrivateIpAddress": "172.31.90.122",
                "ProductCodes": [],
                "PublicDnsName": "ec2-3-83-115-101.compute-1.amazonaws.com",
                "PublicIpAddress": "3.83.115.101",
                "State": {
                    "Code": 16,
                    "Name": "running"
                },
                "StateTransitionReason": "",
                "SubnetId": "subnet-0525d1594f9e4cb27",
                "VpcId": "vpc-004f0ad746b347e77",
                "Architecture": "x86_64",
                "BlockDeviceMappings": [
                    {
                        "DeviceName": "/dev/sda1",
                        "Ebs": {
                            "AttachTime": "2022-11-07 12:21:53+00:00",
                            "DeleteOnTermination": true,
                            "Status": "attached",
                            "VolumeId": "vol-09e34519152a98d3e"
                        }
                    }
                ],
                "ClientToken": "2ba3d0b4-1096-4551-8bdb-37a0e9ff07be",
                "EbsOptimized": false,
                "EnaSupport": true,
                "Hypervisor": "xen",
                "NetworkInterfaces": [
                    {
                        "Association": {
                            "IpOwnerId": "amazon",
                            "PublicDnsName": "ec2-3-83-115-101.compute-1.amazonaws.com",
                            "PublicIp": "3.83.115.101"
                        },
                        "Attachment": {
                            "AttachTime": "2022-11-07 12:21:52+00:00",
                            "AttachmentId": "eni-attach-0fa8c7efc59cbb63c",
                            "DeleteOnTermination": true,
                            "DeviceIndex": 0,
                            "Status": "attached",
                            "NetworkCardIndex": 0
                        },
                        "Description": "",
                        "Groups": [
                            {
                                "GroupName": "launch-wizard-6",
                                "GroupId": "sg-00c5ad2cecbcee17c"
                            }
                        ],
                        "Ipv6Addresses": [],
                        "MacAddress": "12:80:84:a8:f0:4d",
                        "NetworkInterfaceId": "eni-084714ad26e7c98be",
                        "OwnerId": "288186964168",
                        "PrivateDnsName": "ip-172-31-90-122.ec2.internal",
                        "PrivateIpAddress": "172.31.90.122",
                        "PrivateIpAddresses": [
                            {
                                "Association": {
                                    "IpOwnerId": "amazon",
                                    "PublicDnsName": "ec2-3-83-115-101.compute-1.amazonaws.com",
                                    "PublicIp": "3.83.115.101"
                                },
                                "Primary": true,
                                "PrivateDnsName": "ip-172-31-90-122.ec2.internal",
                                "PrivateIpAddress": "172.31.90.122"
                            }
                        ],
                        "SourceDestCheck": true,
                        "Status": "in-use",
                        "SubnetId": "subnet-0525d1594f9e4cb27",
                        "VpcId": "vpc-004f0ad746b347e77",
                        "InterfaceType": "interface"
                    }
                ],
                "RootDeviceName": "/dev/sda1",
                "RootDeviceType": "ebs",
                "SecurityGroups": [
                    {
                        "GroupName": "launch-wizard-6",
                        "GroupId": "sg-00c5ad2cecbcee17c"
                    }
                ],
                "SourceDestCheck": true,
                "Tags": [
                    {
                        "Key": "Name",
                        "Value": "kube-test"
                    }
                ],
                "VirtualizationType": "hvm",
                "CpuOptions": {
                    "CoreCount": 2,
                    "ThreadsPerCore": 1
                },
                "CapacityReservationSpecification": {
                    "CapacityReservationPreference": "open"
                },
                "HibernationOptions": {
                    "Configured": false
                },
                "MetadataOptions": {
                    "State": "applied",
                    "HttpTokens": "optional",
                    "HttpPutResponseHopLimit": 1,
                    "HttpEndpoint": "enabled",
                    "HttpProtocolIpv6": "disabled",
                    "InstanceMetadataTags": "disabled"
                },
                "EnclaveOptions": {
                    "Enabled": false
                },
                "PlatformDetails": "Linux/UNIX",
                "UsageOperation": "RunInstances",
                "UsageOperationUpdateTime": "2022-11-07 12:21:52+00:00",
                "PrivateDnsNameOptions": {
                    "HostnameType": "ip-name",
                    "EnableResourceNameDnsARecord": true,
                    "EnableResourceNameDnsAAAARecord": false
                },
                "MaintenanceOptions": {
                    "AutoRecovery": "default"
                }
            }
        ],
        "OwnerId": "288186964168",
        "ReservationId": "r-09a7a5f6f01186359",
        "RegionName": "us-east-1"
    },
    {
        "Groups": [],
        "Instances": [
            {
                "AmiLaunchIndex": 0,
                "ImageId": "ami-08c40ec9ead489470",
                "InstanceId": "i-079075d53144fc983",
                "InstanceType": "t3.xlarge",
                "KeyName": "untiytool",
                "LaunchTime": "2022-11-09 10:22:40+00:00",
                "Monitoring": {
                    "State": "disabled"
                },
                "Placement": {
                    "AvailabilityZone": "us-east-1f",
                    "GroupName": "",
                    "Tenancy": "default"
                },
                "PrivateDnsName": "ip-172-31-71-177.ec2.internal",
                "PrivateIpAddress": "172.31.71.177",
                "ProductCodes": [],
                "PublicDnsName": "ec2-100-24-208-125.compute-1.amazonaws.com",
                "PublicIpAddress": "100.24.208.125",
                "State": {
                    "Code": 80,
                    "Name": "stopped"
                },
                "StateTransitionReason": "User initiated (2022-11-09 13:12:14 GMT)",
                "SubnetId": "subnet-0c35cd8c1d3e302a0",
                "VpcId": "vpc-004f0ad746b347e77",
                "Architecture": "x86_64",
                "BlockDeviceMappings": [
                    {
                        "DeviceName": "/dev/sda1",
                        "Ebs": {
                            "AttachTime": "2022-11-09 10:22:40+00:00",
                            "DeleteOnTermination": true,
                            "Status": "attached",
                            "VolumeId": "vol-0c66daa73d6e3ff79"
                        }
                    }
                ],
                "ClientToken": "cf542826-b06d-418e-8e28-2285aab6694a",
                "EbsOptimized": true,
                "EnaSupport": true,
                "Hypervisor": "xen",
                "NetworkInterfaces": [
                    {
                        "Association": {
                            "IpOwnerId": "288186964168",
                            "PublicDnsName": "ec2-100-24-208-125.compute-1.amazonaws.com",
                            "PublicIp": "100.24.208.125"
                        },
                        "Attachment": {
                            "AttachTime": "2022-11-09 10:22:40+00:00",
                            "AttachmentId": "eni-attach-074b4fc0d7f71b004",
                            "DeleteOnTermination": true,
                            "DeviceIndex": 0,
                            "Status": "attached",
                            "NetworkCardIndex": 0
                        },
                        "Description": "",
                        "Groups": [
                            {
                                "GroupName": "launch-wizard-7",
                                "GroupId": "sg-0a0f6449d40010e5d"
                            }
                        ],
                        "Ipv6Addresses": [],
                        "MacAddress": "16:2b:86:39:91:25",
                        "NetworkInterfaceId": "eni-0e64e6dec9e10fa0d",
                        "OwnerId": "288186964168",
                        "PrivateDnsName": "ip-172-31-71-177.ec2.internal",
                        "PrivateIpAddress": "172.31.71.177",
                        "PrivateIpAddresses": [
                            {
                                "Association": {
                                    "IpOwnerId": "288186964168",
                                    "PublicDnsName": "ec2-100-24-208-125.compute-1.amazonaws.com",
                                    "PublicIp": "100.24.208.125"
                                },
                                "Primary": true,
                                "PrivateDnsName": "ip-172-31-71-177.ec2.internal",
                                "PrivateIpAddress": "172.31.71.177"
                            }
                        ],
                        "SourceDestCheck": true,
                        "Status": "in-use",
                        "SubnetId": "subnet-0c35cd8c1d3e302a0",
                        "VpcId": "vpc-004f0ad746b347e77",
                        "InterfaceType": "interface"
                    }
                ],
                "RootDeviceName": "/dev/sda1",
                "RootDeviceType": "ebs",
                "SecurityGroups": [
                    {
                        "GroupName": "launch-wizard-7",
                        "GroupId": "sg-0a0f6449d40010e5d"
                    }
                ],
                "SourceDestCheck": true,
                "StateReason": {
                    "Code": "Client.UserInitiatedShutdown",
                    "Message": "Client.UserInitiatedShutdown: User initiated shutdown"
                },
                "Tags": [
                    {
                        "Key": "Name",
                        "Value": "unity-tool"
                    }
                ],
                "VirtualizationType": "hvm",
                "CpuOptions": {
                    "CoreCount": 2,
                    "ThreadsPerCore": 2
                },
                "CapacityReservationSpecification": {
                    "CapacityReservationPreference": "open"
                },
                "HibernationOptions": {
                    "Configured": false
                },
                "MetadataOptions": {
                    "State": "applied",
                    "HttpTokens": "optional",
                    "HttpPutResponseHopLimit": 1,
                    "HttpEndpoint": "enabled",
                    "HttpProtocolIpv6": "disabled",
                    "InstanceMetadataTags": "disabled"
                },
                "EnclaveOptions": {
                    "Enabled": false
                },
                "PlatformDetails": "Linux/UNIX",
                "UsageOperation": "RunInstances",
                "UsageOperationUpdateTime": "2022-11-09 10:22:40+00:00",
                "PrivateDnsNameOptions": {
                    "HostnameType": "ip-name",
                    "EnableResourceNameDnsARecord": true,
                    "EnableResourceNameDnsAAAARecord": false
                },
                "MaintenanceOptions": {
                    "AutoRecovery": "default"
                }
            }
        ],
        "OwnerId": "288186964168",
        "ReservationId": "r-0659f5eefaec44108",
        "RegionName": "us-east-1"
    }
]