{
    "name": "container_security_to_qradar",
    "display_name": "container_security_to_qradar",
    "config": {
        "properties": {
            "smartcheck_api_key": {"type": "string","isPathArg": "false", "position": "1"},
            "qradar_api_key": {"type": "string","isPathArg": "false", "position": "2"},
            "qradr_url": {"type": "string","isPathArg": "false", "position": "3"}
        }
    },
    "actions": [
        {
            "name": "container_security_to_qradar.container_security_to_qradar_action",
            "display_name": "Post smartcheck scans to qradar",
            "type": "MISTRAL",
            "module": "container_security_to_qradar.PostScanEventsQradar.PostScanEventsQradar",
            "inputs": [],
            "outputs": [
                {
                    "name": "data",
                    "type": "array"
                }
            ]
        }
    ]
}