[
    {
        "timestamp": "2022-11-07T01:35:44.099582Z",
        "id": "2HCN8RkUEOcdytmgvV2vr39VCqO",
        "mitigation": "log",
        "kind": "Pod",
        "namespace": "demo",
        "requestID": "1dab6369-a466-4571-bd3a-ca59e42c56ba",
        "decision": "deny",
        "clusterID": "lokesh-2GCwHjpfYGTYPLXVqxLOLjKQKYW",
        "clusterName": "lokesh",
        "policyID": "LogOnlyPolicy-20dHh5Jd3r0C0DNngjXDflhXMEq",
        "policyName": "LogOnlyPolicy",
        "policyDefinitionName": "default",
        "reasons": [
            {
                "type": "containerSecurityContext",
                "rule": "allowPrivilegeEscalation",
                "value": "true",
                "ruleProperties": [
                    {
                        "key": "allowPrivilegeEscalation",
                        "value": "true"
                    }
                ],
                "action": "log",
                "resources": [
                    {
                        "image": "ubuntu",
                        "container": "just-ubuntu",
                        "object": "vanila-ubuntu",
                        "findings": {}
                    }
                ]
            },
            {
                "type": "containerSecurityContext",
                "rule": "readOnlyRootFilesystem",
                "value": "false",
                "ruleProperties": [
                    {
                        "key": "readOnlyRootFilesystem",
                        "value": "false"
                    }
                ],
                "action": "log",
                "resources": [
                    {
                        "image": "ubuntu",
                        "container": "just-ubuntu",
                        "object": "vanila-ubuntu",
                        "findings": {}
                    }
                ]
            },
            {
                "type": "containerSecurityContext",
                "rule": "runAsNonRoot",
                "value": "false",
                "ruleProperties": [
                    {
                        "key": "runAsNonRoot",
                        "value": "false"
                    }
                ],
                "action": "log",
                "resources": [
                    {
                        "image": "ubuntu",
                        "container": "just-ubuntu",
                        "object": "vanila-ubuntu",
                        "findings": {}
                    }
                ]
            },
            {
                "type": "unscannedImage",
                "action": "log",
                "resources": [
                    {
                        "image": "ubuntu",
                        "container": "just-ubuntu",
                        "object": "vanila-ubuntu",
                        "findings": {}
                    }
                ]
            }
        ],
        "exceptions": []
    },
    {
        "timestamp": "2022-11-07T01:35:42.946383Z",
        "id": "2HCN8MmcKEBJ8W4apUQMQOQNbQS",
        "mitigation": "log",
        "kind": "Pod",
        "namespace": "default",
        "requestID": "d8fd656f-58b6-49b4-b511-62fa82095402",
        "decision": "deny",
        "clusterID": "lokesh-2GCwHjpfYGTYPLXVqxLOLjKQKYW",
        "clusterName": "lokesh",
        "policyID": "LogOnlyPolicy-20dHh5Jd3r0C0DNngjXDflhXMEq",
        "policyName": "LogOnlyPolicy",
        "policyDefinitionName": "default",
        "reasons": [
            {
                "type": "unscannedImage",
                "action": "log",
                "resources": [
                    {
                        "image": "deepsecurity/db-initializer@sha256:429f85e9f4509bd7d6f3f399c1fa4135f74364f15d2552f27c90c233d55c8be9",
                        "container": "db-init",
                        "object": "vulnerability-scan-6557bc7647-xwg67",
                        "findings": {}
                    },
                    {
                        "image": "deepsecurity/vulnerability-scan@sha256:d13690269d9cfe01d23b6d8a0d403ff839f21c07298e7c1e551666170cb3338f",
                        "container": "vulnerability-scan",
                        "object": "vulnerability-scan-6557bc7647-xwg67",
                        "findings": {}
                    },
                    {
                        "image": "deepsecurity/vuln-db-initializer@sha256:3c5d0cb841660b3dd2dd5f9fae98a7d74b0a4a07d332f734bd521433fbff0549",
                        "container": "vulnerabilityscan-db-init",
                        "object": "vulnerability-scan-6557bc7647-xwg67",
                        "findings": {}
                    }
                ]
            }
        ],
        "exceptions": []
    },
    {
        "timestamp": "2022-11-07T01:35:41.892237Z",
        "id": "2HCN83tizQa7x7dFdsPZFdoJsFB",
        "mitigation": "log",
        "kind": "Pod",
        "namespace": "default",
        "requestID": "54b058fd-5aee-4f33-9f67-bb41c379b7e3",
        "decision": "deny",
        "clusterID": "lokesh-2GCwHjpfYGTYPLXVqxLOLjKQKYW",
        "clusterName": "lokesh",
        "policyID": "LogOnlyPolicy-20dHh5Jd3r0C0DNngjXDflhXMEq",
        "policyName": "LogOnlyPolicy",
        "policyDefinitionName": "default",
        "reasons": [
            {
                "type": "unscannedImage",
                "action": "log",
                "resources": [
                    {
                        "image": "deepsecurity/db-initializer@sha256:429f85e9f4509bd7d6f3f399c1fa4135f74364f15d2552f27c90c233d55c8be9",
                        "container": "db-init",
                        "object": "scan-f76c64fcf-gr7t2",
                        "findings": {}
                    },
                    {
                        "image": "deepsecurity/scan@sha256:951c8852ec71c7f681867585b8ab541c5ea45f75d40bdd1fe9a3bc36f794f90d",
                        "container": "scan",
                        "object": "scan-f76c64fcf-gr7t2",
                        "findings": {}
                    }
                ]
            }
        ],
        "exceptions": []
    },
    {
        "timestamp": "2022-11-07T01:35:40.781065Z",
        "id": "2HCN7vINRhxk923U6SLp7B7bFaF",
        "mitigation": "log",
        "kind": "Pod",
        "namespace": "default",
        "requestID": "84eea196-5893-41b8-97f2-0f56cab70f2b",
        "decision": "deny",
        "clusterID": "lokesh-2GCwHjpfYGTYPLXVqxLOLjKQKYW",
        "clusterName": "lokesh",
        "policyID": "LogOnlyPolicy-20dHh5Jd3r0C0DNngjXDflhXMEq",
        "policyName": "LogOnlyPolicy",
        "policyDefinitionName": "default",
        "reasons": [
            {
                "type": "unscannedImage",
                "action": "log",
                "resources": [
                    {
                        "image": "deepsecurity/db-initializer@sha256:429f85e9f4509bd7d6f3f399c1fa4135f74364f15d2552f27c90c233d55c8be9",
                        "container": "db-init",
                        "object": "registryviews-5cc689ff85-2jkmf",
                        "findings": {}
                    },
                    {
                        "image": "deepsecurity/registryviews@sha256:c66f35e5a1aaad98ee0a2fa7910af45594a80582415229442630b49c9fc3901b",
                        "container": "registryviews",
                        "object": "registryviews-5cc689ff85-2jkmf",
                        "findings": {}
                    }
                ]
            }
        ],
        "exceptions": []
    },
    {
        "timestamp": "2022-11-07T01:35:39.715533Z",
        "id": "2HCN7otCqm3CaZYAqiFe4jo9S4R",
        "mitigation": "log",
        "kind": "Pod",
        "namespace": "default",
        "requestID": "cc7e06b3-9250-4d66-9914-c57cacbf6c15",
        "decision": "deny",
        "clusterID": "lokesh-2GCwHjpfYGTYPLXVqxLOLjKQKYW",
        "clusterName": "lokesh",
        "policyID": "LogOnlyPolicy-20dHh5Jd3r0C0DNngjXDflhXMEq",
        "policyName": "LogOnlyPolicy",
        "policyDefinitionName": "default",
        "reasons": [
            {
                "type": "unscannedImage",
                "action": "log",
                "resources": [
                    {
                        "image": "deepsecurity/proxy@sha256:e16b33d83951a833e4165ff6d43cfcebc26eb88a7faca1af06ea1132f7ae1953",
                        "container": "proxy",
                        "object": "proxy-75c68dcfb5-flvkw",
                        "findings": {}
                    }
                ]
            }
        ],
        "exceptions": []
    },
    {
        "timestamp": "2022-11-07T01:35:38.605508Z",
        "id": "2HCN7du0Uz9GSxm7e398JhavanP",
        "mitigation": "log",
        "kind": "Pod",
        "namespace": "default",
        "requestID": "d77f2507-cadf-4ca0-9ba6-a3337a89392a",
        "decision": "deny",
        "clusterID": "lokesh-2GCwHjpfYGTYPLXVqxLOLjKQKYW",
        "clusterName": "lokesh",
        "policyID": "LogOnlyPolicy-20dHh5Jd3r0C0DNngjXDflhXMEq",
        "policyName": "LogOnlyPolicy",
        "policyDefinitionName": "default",
        "reasons": [
            {
                "type": "unscannedImage",
                "action": "log",
                "resources": [
                    {
                        "image": "deepsecurity/db-initializer@sha256:429f85e9f4509bd7d6f3f399c1fa4135f74364f15d2552f27c90c233d55c8be9",
                        "container": "db-init",
                        "object": "metrics-6c488d4fdf-f7zl8",
                        "findings": {}
                    },
                    {
                        "image": "deepsecurity/k8s-metrics-reporter@sha256:83c38a55150eac126474d3c96bbcad159f1034c7a82534d4c0ad309ea66025bd",
                        "container": "metrics",
                        "object": "metrics-6c488d4fdf-f7zl8",
                        "findings": {}
                    }
                ]
            }
        ],
        "exceptions": []
    },
    {
        "timestamp": "2022-11-07T01:35:37.522764Z",
        "id": "2HCN7ZVgeVqax1NnEgVLtylwUX4",
        "mitigation": "log",
        "kind": "Pod",
        "namespace": "default",
        "requestID": "177ad338-cf08-4225-91cf-3f706747e908",
        "decision": "deny",
        "clusterID": "lokesh-2GCwHjpfYGTYPLXVqxLOLjKQKYW",
        "clusterName": "lokesh",
        "policyID": "LogOnlyPolicy-20dHh5Jd3r0C0DNngjXDflhXMEq",
        "policyName": "LogOnlyPolicy",
        "policyDefinitionName": "default",
        "reasons": [
            {
                "type": "unscannedImage",
                "action": "log",
                "resources": [
                    {
                        "image": "deepsecurity/vscan@sha256:4cc376a35b9bb60591bd1ef517c0dcbbb22a78a9de2bb3f920366ccde262eb14",
                        "container": "malware-scan",
                        "object": "malware-scan-85f5c886f4-5p4x4",
                        "findings": {}
                    }
                ]
            }
        ],
        "exceptions": []
    },
    {
        "timestamp": "2022-11-07T01:35:36.492092Z",
        "id": "2HCN7Q0mjpFeU19EaD7g64YdMBy",
        "mitigation": "log",
        "kind": "Pod",
        "namespace": "default",
        "requestID": "f372485a-3e4b-40f3-adb2-271e18ff519f",
        "decision": "deny",
        "clusterID": "lokesh-2GCwHjpfYGTYPLXVqxLOLjKQKYW",
        "clusterName": "lokesh",
        "policyID": "LogOnlyPolicy-20dHh5Jd3r0C0DNngjXDflhXMEq",
        "policyName": "LogOnlyPolicy",
        "policyDefinitionName": "default",
        "reasons": [
            {
                "type": "unscannedImage",
                "action": "log",
                "resources": [
                    {
                        "image": "deepsecurity/license@sha256:0403ea6666427571bfd9169660222a4aa104c434e53238e27f3698270688cb77",
                        "container": "license",
                        "object": "license-799bd8cdd5-tgwj9",
                        "findings": {}
                    }
                ]
            }
        ],
        "exceptions": []
    },
    {
        "timestamp": "2022-11-07T01:35:35.114154Z",
        "id": "2HCN7KUUiTvHQNKfhNwG9zOL5lS",
        "mitigation": "log",
        "kind": "Pod",
        "namespace": "default",
        "requestID": "44979326-6aac-4589-b94f-cf2d830bb7b5",
        "decision": "deny",
        "clusterID": "lokesh-2GCwHjpfYGTYPLXVqxLOLjKQKYW",
        "clusterName": "lokesh",
        "policyID": "LogOnlyPolicy-20dHh5Jd3r0C0DNngjXDflhXMEq",
        "policyName": "LogOnlyPolicy",
        "policyDefinitionName": "default",
        "reasons": [
            {
                "type": "unscannedImage",
                "action": "log",
                "resources": [
                    {
                        "image": "deepsecurity/db-initializer@sha256:429f85e9f4509bd7d6f3f399c1fa4135f74364f15d2552f27c90c233d55c8be9",
                        "container": "db-init",
                        "object": "image-scan-75c4cf79bf-zbh22",
                        "findings": {}
                    },
                    {
                        "image": "deepsecurity/image-scan@sha256:d7cc75f3953fccca4bc70d5e7ac0492b9cb73df719bf018ddc44d0c64ff6895a",
                        "container": "image-scan",
                        "object": "image-scan-75c4cf79bf-zbh22",
                        "findings": {}
                    },
                    {
                        "image": "deepsecurity/openscap-feed-consumer@sha256:411b606040df4621120ca39068051a01d7d40124dca28869eef89229251a3f01",
                        "container": "openscap-feed-consumer",
                        "object": "image-scan-75c4cf79bf-zbh22",
                        "findings": {}
                    },
                    {
                        "image": "deepsecurity/openscap-scan@sha256:271c557b4b68d9b66bdb330da8d62ae1ff6a8acd48a701c5183cd657c738a080",
                        "container": "openscap-scan",
                        "object": "image-scan-75c4cf79bf-zbh22",
                        "findings": {}
                    },
                    {
                        "image": "deepsecurity/sca-feed-consumer@sha256:71eb3614b110c24f433d70eea280a3dfa98d1389cbb46ac12887281bddb4576e",
                        "container": "sca-feed-consumer",
                        "object": "image-scan-75c4cf79bf-zbh22",
                        "findings": {}
                    },
                    {
                        "image": "deepsecurity/sca-scan@sha256:3bfe3552a8b1182a2bdb7cafa55556da558c22e7088b95ebf78799a682668e8d",
                        "container": "sca-scan",
                        "object": "image-scan-75c4cf79bf-zbh22",
                        "findings": {}
                    }
                ]
            }
        ],
        "exceptions": []
    },
    {
        "timestamp": "2022-11-07T01:35:34.117376Z",
        "id": "2HCN78kPKRpxcQvO3cTtu1WcTMn",
        "mitigation": "log",
        "kind": "Pod",
        "namespace": "default",
        "requestID": "bde8cb67-3415-4b28-8860-8853e6f8d800",
        "decision": "deny",
        "clusterID": "lokesh-2GCwHjpfYGTYPLXVqxLOLjKQKYW",
        "clusterName": "lokesh",
        "policyID": "LogOnlyPolicy-20dHh5Jd3r0C0DNngjXDflhXMEq",
        "policyName": "LogOnlyPolicy",
        "policyDefinitionName": "default",
        "reasons": [
            {
                "type": "unscannedImage",
                "action": "log",
                "resources": [
                    {
                        "image": "deepsecurity/frontend@sha256:d2d778789b1e2f67dcfaab4e9d6c5be53b28cf6eb037f70707ec5e95d8671a52",
                        "container": "frontend",
                        "object": "frontend-86448d958c-8rfdj",
                        "findings": {}
                    }
                ]
            }
        ],
        "exceptions": []
    },
    {
        "timestamp": "2022-11-07T01:35:33.133924Z",
        "id": "2HCN76sJHp9qW0DDk9R9SMzyr0t",
        "mitigation": "log",
        "kind": "Pod",
        "namespace": "default",
        "requestID": "a6358b4e-7295-4677-a443-5b25928227ad",
        "decision": "deny",
        "clusterID": "lokesh-2GCwHjpfYGTYPLXVqxLOLjKQKYW",
        "clusterName": "lokesh",
        "policyID": "LogOnlyPolicy-20dHh5Jd3r0C0DNngjXDflhXMEq",
        "policyName": "LogOnlyPolicy",
        "policyDefinitionName": "default",
        "reasons": [
            {
                "type": "unscannedImage",
                "action": "log",
                "resources": [
                    {
                        "image": "deepsecurity/api-docs@sha256:f5293bbe3e219d984e3d9d6107d0386c1850c1fb4c78bc9ec5478566d9274fe0",
                        "container": "docs",
                        "object": "docs-66647d84ff-dq7mk",
                        "findings": {}
                    }
                ]
            }
        ],
        "exceptions": []
    },
    {
        "timestamp": "2022-11-07T01:35:32.011240Z",
        "id": "2HCN6w3DEWPo2UOSSyANrgUuMn0",
        "mitigation": "log",
        "kind": "Pod",
        "namespace": "default",
        "requestID": "c98bd1c2-3dab-4b9a-84f9-b4b65a827c39",
        "decision": "deny",
        "clusterID": "lokesh-2GCwHjpfYGTYPLXVqxLOLjKQKYW",
        "clusterName": "lokesh",
        "policyID": "LogOnlyPolicy-20dHh5Jd3r0C0DNngjXDflhXMEq",
        "policyName": "LogOnlyPolicy",
        "policyDefinitionName": "default",
        "reasons": [
            {
                "type": "unscannedImage",
                "action": "log",
                "resources": [
                    {
                        "image": "deepsecurity/db@sha256:9c1b7a7deda703f6bfbe41993b4ede7bbb9d2e7b28b8d4321998bc080249d4b3",
                        "container": "db",
                        "object": "db-65bcdcd667-9jsqn",
                        "findings": {}
                    }
                ]
            }
        ],
        "exceptions": []
    },
    {
        "timestamp": "2022-11-07T01:35:30.923969Z",
        "id": "2HCN6fSBWKGPY6N9Jx4xE4Md90k",
        "mitigation": "log",
        "kind": "Pod",
        "namespace": "default",
        "requestID": "2e55c591-2a62-4e56-a1a2-668f6a97f7b3",
        "decision": "deny",
        "clusterID": "lokesh-2GCwHjpfYGTYPLXVqxLOLjKQKYW",
        "clusterName": "lokesh",
        "policyID": "LogOnlyPolicy-20dHh5Jd3r0C0DNngjXDflhXMEq",
        "policyName": "LogOnlyPolicy",
        "policyDefinitionName": "default",
        "reasons": [
            {
                "type": "unscannedImage",
                "action": "log",
                "resources": [
                    {
                        "image": "deepsecurity/contentscan@sha256:b1a5c34fba3f50b1ac8ee389232a1a9698fca38d40df3475774fffa27b01fad4",
                        "container": "content-scan",
                        "object": "content-scan-666b7887fc-2hlt5",
                        "findings": {}
                    }
                ]
            }
        ],
        "exceptions": []
    },
    {
        "timestamp": "2022-11-07T01:35:29.840304Z",
        "id": "2HCN6WCdq3bbQaya7ga9fg3QPMI",
        "mitigation": "log",
        "kind": "Pod",
        "namespace": "default",
        "requestID": "926c1511-f9ca-4a11-b0ca-2304ec9f9496",
        "decision": "deny",
        "clusterID": "lokesh-2GCwHjpfYGTYPLXVqxLOLjKQKYW",
        "clusterName": "lokesh",
        "policyID": "LogOnlyPolicy-20dHh5Jd3r0C0DNngjXDflhXMEq",
        "policyName": "LogOnlyPolicy",
        "policyDefinitionName": "default",
        "reasons": [
            {
                "type": "containerSecurityContext",
                "rule": "allowPrivilegeEscalation",
                "value": "true",
                "ruleProperties": [
                    {
                        "key": "allowPrivilegeEscalation",
                        "value": "true"
                    }
                ],
                "action": "log",
                "resources": [
                    {
                        "image": "busybox",
                        "container": "busybox-container",
                        "object": "busyboxpod",
                        "findings": {}
                    }
                ]
            },
            {
                "type": "containerSecurityContext",
                "rule": "privileged",
                "value": "true",
                "ruleProperties": [
                    {
                        "key": "privileged",
                        "value": "true"
                    }
                ],
                "action": "log",
                "resources": [
                    {
                        "image": "busybox",
                        "container": "busybox-container",
                        "object": "busyboxpod",
                        "findings": {}
                    }
                ]
            },
            {
                "type": "containerSecurityContext",
                "rule": "readOnlyRootFilesystem",
                "value": "false",
                "ruleProperties": [
                    {
                        "key": "readOnlyRootFilesystem",
                        "value": "false"
                    }
                ],
                "action": "log",
                "resources": [
                    {
                        "image": "busybox",
                        "container": "busybox-container",
                        "object": "busyboxpod",
                        "findings": {}
                    }
                ]
            },
            {
                "type": "containerSecurityContext",
                "rule": "runAsNonRoot",
                "value": "false",
                "ruleProperties": [
                    {
                        "key": "runAsNonRoot",
                        "value": "false"
                    }
                ],
                "action": "log",
                "resources": [
                    {
                        "image": "busybox",
                        "container": "busybox-container",
                        "object": "busyboxpod",
                        "findings": {}
                    }
                ]
            },
            {
                "type": "unscannedImage",
                "action": "log",
                "resources": [
                    {
                        "image": "busybox",
                        "container": "busybox-container",
                        "object": "busyboxpod",
                        "findings": {}
                    }
                ]
            }
        ],
        "exceptions": []
    },
    {
        "timestamp": "2022-11-07T01:35:28.732897Z",
        "id": "2HCN6TEYAiRIJTgF6TZjH1OaxGP",
        "mitigation": "log",
        "kind": "Pod",
        "namespace": "default",
        "requestID": "d216c8b6-c78d-46f5-8564-5e4c8b6edfce",
        "decision": "deny",
        "clusterID": "lokesh-2GCwHjpfYGTYPLXVqxLOLjKQKYW",
        "clusterName": "lokesh",
        "policyID": "LogOnlyPolicy-20dHh5Jd3r0C0DNngjXDflhXMEq",
        "policyName": "LogOnlyPolicy",
        "policyDefinitionName": "default",
        "reasons": [
            {
                "type": "unscannedImage",
                "action": "log",
                "resources": [
                    {
                        "image": "deepsecurity/auth@sha256:728ea810a50b97cae856fcf40796cfea635fc037d2d90c2f36d154b8bd230c58",
                        "container": "auth",
                        "object": "auth-7f667995-s84lk",
                        "findings": {}
                    },
                    {
                        "image": "deepsecurity/db-initializer@sha256:429f85e9f4509bd7d6f3f399c1fa4135f74364f15d2552f27c90c233d55c8be9",
                        "container": "db-init",
                        "object": "auth-7f667995-s84lk",
                        "findings": {}
                    }
                ]
            }
        ],
        "exceptions": []
    },
    {
        "timestamp": "2022-11-07T00:35:23.606133Z",
        "id": "2HCFnPPEPgvRR6D9Ehi970MkML4",
        "mitigation": "log",
        "kind": "Pod",
        "namespace": "demo",
        "requestID": "8f949f34-c342-4329-9b60-7cbe29a72653",
        "decision": "deny",
        "clusterID": "lokesh-2GCwHjpfYGTYPLXVqxLOLjKQKYW",
        "clusterName": "lokesh",
        "policyID": "LogOnlyPolicy-20dHh5Jd3r0C0DNngjXDflhXMEq",
        "policyName": "LogOnlyPolicy",
        "policyDefinitionName": "default",
        "reasons": [
            {
                "type": "containerSecurityContext",
                "rule": "allowPrivilegeEscalation",
                "value": "true",
                "ruleProperties": [
                    {
                        "key": "allowPrivilegeEscalation",
                        "value": "true"
                    }
                ],
                "action": "log",
                "resources": [
                    {
                        "image": "ubuntu",
                        "container": "just-ubuntu",
                        "object": "vanila-ubuntu",
                        "findings": {}
                    }
                ]
            },
            {
                "type": "containerSecurityContext",
                "rule": "readOnlyRootFilesystem",
                "value": "false",
                "ruleProperties": [
                    {
                        "key": "readOnlyRootFilesystem",
                        "value": "false"
                    }
                ],
                "action": "log",
                "resources": [
                    {
                        "image": "ubuntu",
                        "container": "just-ubuntu",
                        "object": "vanila-ubuntu",
                        "findings": {}
                    }
                ]
            },
            {
                "type": "containerSecurityContext",
                "rule": "runAsNonRoot",
                "value": "false",
                "ruleProperties": [
                    {
                        "key": "runAsNonRoot",
                        "value": "false"
                    }
                ],
                "action": "log",
                "resources": [
                    {
                        "image": "ubuntu",
                        "container": "just-ubuntu",
                        "object": "vanila-ubuntu",
                        "findings": {}
                    }
                ]
            },
            {
                "type": "unscannedImage",
                "action": "log",
                "resources": [
                    {
                        "image": "ubuntu",
                        "container": "just-ubuntu",
                        "object": "vanila-ubuntu",
                        "findings": {}
                    }
                ]
            }
        ],
        "exceptions": []
    },
    {
        "timestamp": "2022-11-07T00:35:22.470227Z",
        "id": "2HCFnEnLJX1OZPcWHAut3mDrqrz",
        "mitigation": "log",
        "kind": "Pod",
        "namespace": "default",
        "requestID": "ee568d3f-ce95-4444-abb5-5018d004031f",
        "decision": "deny",
        "clusterID": "lokesh-2GCwHjpfYGTYPLXVqxLOLjKQKYW",
        "clusterName": "lokesh",
        "policyID": "LogOnlyPolicy-20dHh5Jd3r0C0DNngjXDflhXMEq",
        "policyName": "LogOnlyPolicy",
        "policyDefinitionName": "default",
        "reasons": [
            {
                "type": "unscannedImage",
                "action": "log",
                "resources": [
                    {
                        "image": "deepsecurity/db-initializer@sha256:429f85e9f4509bd7d6f3f399c1fa4135f74364f15d2552f27c90c233d55c8be9",
                        "container": "db-init",
                        "object": "vulnerability-scan-6557bc7647-xwg67",
                        "findings": {}
                    },
                    {
                        "image": "deepsecurity/vulnerability-scan@sha256:d13690269d9cfe01d23b6d8a0d403ff839f21c07298e7c1e551666170cb3338f",
                        "container": "vulnerability-scan",
                        "object": "vulnerability-scan-6557bc7647-xwg67",
                        "findings": {}
                    },
                    {
                        "image": "deepsecurity/vuln-db-initializer@sha256:3c5d0cb841660b3dd2dd5f9fae98a7d74b0a4a07d332f734bd521433fbff0549",
                        "container": "vulnerabilityscan-db-init",
                        "object": "vulnerability-scan-6557bc7647-xwg67",
                        "findings": {}
                    }
                ]
            }
        ],
        "exceptions": []
    },
    {
        "timestamp": "2022-11-07T00:35:21.304899Z",
        "id": "2HCFnBII22hm75P62HKeV6nqsbn",
        "mitigation": "log",
        "kind": "Pod",
        "namespace": "default",
        "requestID": "976fc7db-7576-4ff8-9f05-5fe44bf9451b",
        "decision": "deny",
        "clusterID": "lokesh-2GCwHjpfYGTYPLXVqxLOLjKQKYW",
        "clusterName": "lokesh",
        "policyID": "LogOnlyPolicy-20dHh5Jd3r0C0DNngjXDflhXMEq",
        "policyName": "LogOnlyPolicy",
        "policyDefinitionName": "default",
        "reasons": [
            {
                "type": "unscannedImage",
                "action": "log",
                "resources": [
                    {
                        "image": "deepsecurity/db-initializer@sha256:429f85e9f4509bd7d6f3f399c1fa4135f74364f15d2552f27c90c233d55c8be9",
                        "container": "db-init",
                        "object": "scan-f76c64fcf-gr7t2",
                        "findings": {}
                    },
                    {
                        "image": "deepsecurity/scan@sha256:951c8852ec71c7f681867585b8ab541c5ea45f75d40bdd1fe9a3bc36f794f90d",
                        "container": "scan",
                        "object": "scan-f76c64fcf-gr7t2",
                        "findings": {}
                    }
                ]
            }
        ],
        "exceptions": []
    },
    {
        "timestamp": "2022-11-07T00:35:20.216330Z",
        "id": "2HCFn0v7GOasYcPTpNcWxtnaaVk",
        "mitigation": "log",
        "kind": "Pod",
        "namespace": "default",
        "requestID": "3646a089-9eee-43e1-abf5-50768c71ea40",
        "decision": "deny",
        "clusterID": "lokesh-2GCwHjpfYGTYPLXVqxLOLjKQKYW",
        "clusterName": "lokesh",
        "policyID": "LogOnlyPolicy-20dHh5Jd3r0C0DNngjXDflhXMEq",
        "policyName": "LogOnlyPolicy",
        "policyDefinitionName": "default",
        "reasons": [
            {
                "type": "unscannedImage",
                "action": "log",
                "resources": [
                    {
                        "image": "deepsecurity/db-initializer@sha256:429f85e9f4509bd7d6f3f399c1fa4135f74364f15d2552f27c90c233d55c8be9",
                        "container": "db-init",
                        "object": "registryviews-5cc689ff85-2jkmf",
                        "findings": {}
                    },
                    {
                        "image": "deepsecurity/registryviews@sha256:c66f35e5a1aaad98ee0a2fa7910af45594a80582415229442630b49c9fc3901b",
                        "container": "registryviews",
                        "object": "registryviews-5cc689ff85-2jkmf",
                        "findings": {}
                    }
                ]
            }
        ],
        "exceptions": []
    },
    {
        "timestamp": "2022-11-07T00:35:19.147280Z",
        "id": "2HCFmsLWlASIxWld9M4zw4ysdoI",
        "mitigation": "log",
        "kind": "Pod",
        "namespace": "default",
        "requestID": "b75ca712-4f13-4264-8d35-97a269ae752b",
        "decision": "deny",
        "clusterID": "lokesh-2GCwHjpfYGTYPLXVqxLOLjKQKYW",
        "clusterName": "lokesh",
        "policyID": "LogOnlyPolicy-20dHh5Jd3r0C0DNngjXDflhXMEq",
        "policyName": "LogOnlyPolicy",
        "policyDefinitionName": "default",
        "reasons": [
            {
                "type": "unscannedImage",
                "action": "log",
                "resources": [
                    {
                        "image": "deepsecurity/proxy@sha256:e16b33d83951a833e4165ff6d43cfcebc26eb88a7faca1af06ea1132f7ae1953",
                        "container": "proxy",
                        "object": "proxy-75c68dcfb5-flvkw",
                        "findings": {}
                    }
                ]
            }
        ],
        "exceptions": []
    },
    {
        "timestamp": "2022-11-07T00:35:18.035912Z",
        "id": "2HCFmmsgHUZWpuKhZVVhJXquITn",
        "mitigation": "log",
        "kind": "Pod",
        "namespace": "default",
        "requestID": "08ca87f1-0303-48dc-abc4-eebc0c447905",
        "decision": "deny",
        "clusterID": "lokesh-2GCwHjpfYGTYPLXVqxLOLjKQKYW",
        "clusterName": "lokesh",
        "policyID": "LogOnlyPolicy-20dHh5Jd3r0C0DNngjXDflhXMEq",
        "policyName": "LogOnlyPolicy",
        "policyDefinitionName": "default",
        "reasons": [
            {
                "type": "unscannedImage",
                "action": "log",
                "resources": [
                    {
                        "image": "deepsecurity/db-initializer@sha256:429f85e9f4509bd7d6f3f399c1fa4135f74364f15d2552f27c90c233d55c8be9",
                        "container": "db-init",
                        "object": "metrics-6c488d4fdf-f7zl8",
                        "findings": {}
                    },
                    {
                        "image": "deepsecurity/k8s-metrics-reporter@sha256:83c38a55150eac126474d3c96bbcad159f1034c7a82534d4c0ad309ea66025bd",
                        "container": "metrics",
                        "object": "metrics-6c488d4fdf-f7zl8",
                        "findings": {}
                    }
                ]
            }
        ],
        "exceptions": []
    },
    {
        "timestamp": "2022-11-07T00:35:17.001283Z",
        "id": "2HCFmXRfgpxeF4kKGHh9Ayo1Vpz",
        "mitigation": "log",
        "kind": "Pod",
        "namespace": "default",
        "requestID": "3fbaaee4-1698-49dc-bb2f-e7d4c1672661",
        "decision": "deny",
        "clusterID": "lokesh-2GCwHjpfYGTYPLXVqxLOLjKQKYW",
        "clusterName": "lokesh",
        "policyID": "LogOnlyPolicy-20dHh5Jd3r0C0DNngjXDflhXMEq",
        "policyName": "LogOnlyPolicy",
        "policyDefinitionName": "default",
        "reasons": [
            {
                "type": "unscannedImage",
                "action": "log",
                "resources": [
                    {
                        "image": "deepsecurity/vscan@sha256:4cc376a35b9bb60591bd1ef517c0dcbbb22a78a9de2bb3f920366ccde262eb14",
                        "container": "malware-scan",
                        "object": "malware-scan-85f5c886f4-5p4x4",
                        "findings": {}
                    }
                ]
            }
        ],
        "exceptions": []
    },
    {
        "timestamp": "2022-11-07T00:35:15.938094Z",
        "id": "2HCFmOlLJzdZo4EBxbEGuPVgljh",
        "mitigation": "log",
        "kind": "Pod",
        "namespace": "default",
        "requestID": "318b9a44-3c17-4ea4-9590-951e3565e8f2",
        "decision": "deny",
        "clusterID": "lokesh-2GCwHjpfYGTYPLXVqxLOLjKQKYW",
        "clusterName": "lokesh",
        "policyID": "LogOnlyPolicy-20dHh5Jd3r0C0DNngjXDflhXMEq",
        "policyName": "LogOnlyPolicy",
        "policyDefinitionName": "default",
        "reasons": [
            {
                "type": "unscannedImage",
                "action": "log",
                "resources": [
                    {
                        "image": "deepsecurity/license@sha256:0403ea6666427571bfd9169660222a4aa104c434e53238e27f3698270688cb77",
                        "container": "license",
                        "object": "license-799bd8cdd5-tgwj9",
                        "findings": {}
                    }
                ]
            }
        ],
        "exceptions": []
    },
    {
        "timestamp": "2022-11-07T00:35:14.514902Z",
        "id": "2HCFmI36d2Zyju9ru6iTdsz9moa",
        "mitigation": "log",
        "kind": "Pod",
        "namespace": "default",
        "requestID": "2b460f40-c47c-4d24-b1a6-15c274f615ac",
        "decision": "deny",
        "clusterID": "lokesh-2GCwHjpfYGTYPLXVqxLOLjKQKYW",
        "clusterName": "lokesh",
        "policyID": "LogOnlyPolicy-20dHh5Jd3r0C0DNngjXDflhXMEq",
        "policyName": "LogOnlyPolicy",
        "policyDefinitionName": "default",
        "reasons": [
            {
                "type": "unscannedImage",
                "action": "log",
                "resources": [
                    {
                        "image": "deepsecurity/db-initializer@sha256:429f85e9f4509bd7d6f3f399c1fa4135f74364f15d2552f27c90c233d55c8be9",
                        "container": "db-init",
                        "object": "image-scan-75c4cf79bf-zbh22",
                        "findings": {}
                    },
                    {
                        "image": "deepsecurity/image-scan@sha256:d7cc75f3953fccca4bc70d5e7ac0492b9cb73df719bf018ddc44d0c64ff6895a",
                        "container": "image-scan",
                        "object": "image-scan-75c4cf79bf-zbh22",
                        "findings": {}
                    },
                    {
                        "image": "deepsecurity/openscap-feed-consumer@sha256:411b606040df4621120ca39068051a01d7d40124dca28869eef89229251a3f01",
                        "container": "openscap-feed-consumer",
                        "object": "image-scan-75c4cf79bf-zbh22",
                        "findings": {}
                    },
                    {
                        "image": "deepsecurity/openscap-scan@sha256:271c557b4b68d9b66bdb330da8d62ae1ff6a8acd48a701c5183cd657c738a080",
                        "container": "openscap-scan",
                        "object": "image-scan-75c4cf79bf-zbh22",
                        "findings": {}
                    },
                    {
                        "image": "deepsecurity/sca-feed-consumer@sha256:71eb3614b110c24f433d70eea280a3dfa98d1389cbb46ac12887281bddb4576e",
                        "container": "sca-feed-consumer",
                        "object": "image-scan-75c4cf79bf-zbh22",
                        "findings": {}
                    },
                    {
                        "image": "deepsecurity/sca-scan@sha256:3bfe3552a8b1182a2bdb7cafa55556da558c22e7088b95ebf78799a682668e8d",
                        "container": "sca-scan",
                        "object": "image-scan-75c4cf79bf-zbh22",
                        "findings": {}
                    }
                ]
            }
        ],
        "exceptions": []
    },
    {
        "timestamp": "2022-11-07T00:35:13.470536Z",
        "id": "2HCFmAhMsiU8BrtUB5DNXxTEwuU",
        "mitigation": "log",
        "kind": "Pod",
        "namespace": "default",
        "requestID": "c8f8cb2a-5cbf-4b78-8f2b-562162c7fbb2",
        "decision": "deny",
        "clusterID": "lokesh-2GCwHjpfYGTYPLXVqxLOLjKQKYW",
        "clusterName": "lokesh",
        "policyID": "LogOnlyPolicy-20dHh5Jd3r0C0DNngjXDflhXMEq",
        "policyName": "LogOnlyPolicy",
        "policyDefinitionName": "default",
        "reasons": [
            {
                "type": "unscannedImage",
                "action": "log",
                "resources": [
                    {
                        "image": "deepsecurity/frontend@sha256:d2d778789b1e2f67dcfaab4e9d6c5be53b28cf6eb037f70707ec5e95d8671a52",
                        "container": "frontend",
                        "object": "frontend-86448d958c-8rfdj",
                        "findings": {}
                    }
                ]
            }
        ],
        "exceptions": []
    }
]